<?xml version="1.0" encoding="UTF-8" ?>
<webTalkData  fileName='usage_statistics_webtalk.xml'  majorVersion='1' minorVersion='0' timeStamp='Fri Dec 13 18:02:11 2024'>
<section name="__ROOT__" level="0" order="1" description="">
 <section name="software_version_and_target_device" level="1" order="1" description="">
  <keyValuePair key="beta" value="FALSE" description="" />
  <keyValuePair key="build_version" value="2902540" description="" />
  <keyValuePair key="date_generated" value="Fri Dec 13 18:02:11 2024" description="" />
  <keyValuePair key="os_platform" value="WIN64" description="" />
  <keyValuePair key="product_version" value="Vivado v2020.1 (64-bit)" description="" />
  <keyValuePair key="project_id" value="6a0c1f9cf6a94eb3aa2bc5c451d61dfa" description="" />
  <keyValuePair key="project_iteration" value="28" description="" />
  <keyValuePair key="random_id" value="c1a058377c0e510485f310a5cc768eba" description="" />
  <keyValuePair key="registration_id" value="c1a058377c0e510485f310a5cc768eba" description="" />
  <keyValuePair key="route_design" value="TRUE" description="" />
  <keyValuePair key="target_device" value="xc7a35t" description="" />
  <keyValuePair key="target_family" value="artix7" description="" />
  <keyValuePair key="target_package" value="cpg236" description="" />
  <keyValuePair key="target_speed" value="-1" description="" />
  <keyValuePair key="tool_flow" value="Vivado" description="" />
 </section>
 <section name="user_environment" level="1" order="2" description="">
  <keyValuePair key="cpu_name" value="11th Gen Intel(R) Core(TM) i7-1165G7 @ 2.80GHz" description="" />
  <keyValuePair key="cpu_speed" value="2803 MHz" description="" />
  <keyValuePair key="os_name" value="Windows Server 2016 or Windows 10" description="" />
  <keyValuePair key="os_release" value="major release  (build 9200)" description="" />
  <keyValuePair key="system_ram" value="16.000 GB" description="" />
  <keyValuePair key="total_processors" value="1" description="" />
 </section>
 <section name="phys_opt_design_post_place" level="1" order="3" description="">
  <section name="command_line_options" level="2" order="1" description="">
   <keyValuePair key="-aggressive_hold_fix" value="default::[not_specified]" description="" />
   <keyValuePair key="-bram_register_opt" value="default::[not_specified]" description="" />
   <keyValuePair key="-clock_opt" value="default::[not_specified]" description="" />
   <keyValuePair key="-critical_cell_opt" value="default::[not_specified]" description="" />
   <keyValuePair key="-critical_pin_opt" value="default::[not_specified]" description="" />
   <keyValuePair key="-directive" value="default::[not_specified]" description="" />
   <keyValuePair key="-dsp_register_opt" value="default::[not_specified]" description="" />
   <keyValuePair key="-effort_level" value="default::[not_specified]" description="" />
   <keyValuePair key="-fanout_opt" value="default::[not_specified]" description="" />
   <keyValuePair key="-hold_fix" value="default::[not_specified]" description="" />
   <keyValuePair key="-insert_negative_edge_ffs" value="default::[not_specified]" description="" />
   <keyValuePair key="-multi_clock_opt" value="default::[not_specified]" description="" />
   <keyValuePair key="-placement_opt" value="default::[not_specified]" description="" />
   <keyValuePair key="-restruct_opt" value="default::[not_specified]" description="" />
   <keyValuePair key="-retime" value="default::[not_specified]" description="" />
   <keyValuePair key="-rewire" value="default::[not_specified]" description="" />
   <keyValuePair key="-shift_register_opt" value="default::[not_specified]" description="" />
   <keyValuePair key="-uram_register_opt" value="default::[not_specified]" description="" />
   <keyValuePair key="-verbose" value="default::[not_specified]" description="" />
   <keyValuePair key="-vhfn" value="default::[not_specified]" description="" />
  </section>
 </section>
 <section name="report_drc" level="1" order="4" description="">
  <section name="command_line_options" level="2" order="1" description="">
   <keyValuePair key="-append" value="default::[not_specified]" description="" />
   <keyValuePair key="-checks" value="default::[not_specified]" description="" />
   <keyValuePair key="-fail_on" value="default::[not_specified]" description="" />
   <keyValuePair key="-force" value="default::[not_specified]" description="" />
   <keyValuePair key="-format" value="default::[not_specified]" description="" />
   <keyValuePair key="-internal" value="default::[not_specified]" description="" />
   <keyValuePair key="-internal_only" value="default::[not_specified]" description="" />
   <keyValuePair key="-messages" value="default::[not_specified]" description="" />
   <keyValuePair key="-name" value="default::[not_specified]" description="" />
   <keyValuePair key="-no_waivers" value="default::[not_specified]" description="" />
   <keyValuePair key="-return_string" value="default::[not_specified]" description="" />
   <keyValuePair key="-ruledecks" value="default::[not_specified]" description="" />
   <keyValuePair key="-upgrade_cw" value="default::[not_specified]" description="" />
   <keyValuePair key="-waived" value="default::[not_specified]" description="" />
  </section>
  <section name="results" level="2" order="2" description="">
   <keyValuePair key="cfgbvs-1" value="1" description="" />
  </section>
 </section>
 <section name="report_methodology" level="1" order="5" description="">
  <section name="command_line_options" level="2" order="1" description="">
   <keyValuePair key="-append" value="default::[not_specified]" description="" />
   <keyValuePair key="-checks" value="default::[not_specified]" description="" />
   <keyValuePair key="-fail_on" value="default::[not_specified]" description="" />
   <keyValuePair key="-force" value="default::[not_specified]" description="" />
   <keyValuePair key="-format" value="default::[not_specified]" description="" />
   <keyValuePair key="-messages" value="default::[not_specified]" description="" />
   <keyValuePair key="-name" value="default::[not_specified]" description="" />
   <keyValuePair key="-return_string" value="default::[not_specified]" description="" />
   <keyValuePair key="-slack_lesser_than" value="default::[not_specified]" description="" />
   <keyValuePair key="-waived" value="default::[not_specified]" description="" />
  </section>
  <section name="results" level="2" order="2" description="">
   <keyValuePair key="timing-17" value="1000" description="" />
  </section>
 </section>
 <section name="report_power" level="1" order="6" description="">
  <section name="command_line_options" level="2" order="1" description="">
   <keyValuePair key="-advisory" value="default::[not_specified]" description="" />
   <keyValuePair key="-append" value="default::[not_specified]" description="" />
   <keyValuePair key="-file" value="[specified]" description="" />
   <keyValuePair key="-format" value="default::text" description="" />
   <keyValuePair key="-hier" value="default::power" description="" />
   <keyValuePair key="-hierarchical_depth" value="default::4" description="" />
   <keyValuePair key="-l" value="default::[not_specified]" description="" />
   <keyValuePair key="-name" value="default::[not_specified]" description="" />
   <keyValuePair key="-no_propagation" value="default::[not_specified]" description="" />
   <keyValuePair key="-return_string" value="default::[not_specified]" description="" />
   <keyValuePair key="-rpx" value="[specified]" description="" />
   <keyValuePair key="-verbose" value="default::[not_specified]" description="" />
   <keyValuePair key="-vid" value="default::[not_specified]" description="" />
   <keyValuePair key="-xpe" value="default::[not_specified]" description="" />
  </section>
  <section name="usage" level="2" order="2" description="">
   <keyValuePair key="airflow" value="250 (LFM)" description="" />
   <keyValuePair key="ambient_temp" value="25.0 (C)" description="" />
   <keyValuePair key="bi-dir_toggle" value="12.500000" description="" />
   <keyValuePair key="bidir_output_enable" value="1.000000" description="" />
   <keyValuePair key="board_layers" value="12to15 (12 to 15 Layers)" description="" />
   <keyValuePair key="board_selection" value="medium (10&quot;x10&quot;)" description="" />
   <keyValuePair key="confidence_level_clock_activity" value="Low" description="" />
   <keyValuePair key="confidence_level_design_state" value="High" description="" />
   <keyValuePair key="confidence_level_device_models" value="High" description="" />
   <keyValuePair key="confidence_level_internal_activity" value="Medium" description="" />
   <keyValuePair key="confidence_level_io_activity" value="Low" description="" />
   <keyValuePair key="confidence_level_overall" value="Low" description="" />
   <keyValuePair key="customer" value="TBD" description="" />
   <keyValuePair key="customer_class" value="TBD" description="" />
   <keyValuePair key="devstatic" value="0.486018" description="" />
   <keyValuePair key="die" value="xc7a35tcpg236-1" description="" />
   <keyValuePair key="dsp_output_toggle" value="12.500000" description="" />
   <keyValuePair key="dynamic" value="41.630065" description="" />
   <keyValuePair key="effective_thetaja" value="5.00" description="" />
   <keyValuePair key="enable_probability" value="0.990000" description="" />
   <keyValuePair key="family" value="artix7" description="" />
   <keyValuePair key="ff_toggle" value="12.500000" description="" />
   <keyValuePair key="flow_state" value="routed" description="" />
   <keyValuePair key="heatsink" value="medium (Medium Profile)" description="" />
   <keyValuePair key="i/o" value="12.521070" description="" />
   <keyValuePair key="input_toggle" value="12.500000" description="" />
   <keyValuePair key="junction_temp" value="125.0 (C)" description="" />
   <keyValuePair key="logic" value="12.620637" description="" />
   <keyValuePair key="mgtavcc_dynamic_current" value="0.000000" description="" />
   <keyValuePair key="mgtavcc_static_current" value="0.000000" description="" />
   <keyValuePair key="mgtavcc_total_current" value="0.000000" description="" />
   <keyValuePair key="mgtavcc_voltage" value="1.000000" description="" />
   <keyValuePair key="mgtavtt_dynamic_current" value="0.000000" description="" />
   <keyValuePair key="mgtavtt_static_current" value="0.000000" description="" />
   <keyValuePair key="mgtavtt_total_current" value="0.000000" description="" />
   <keyValuePair key="mgtavtt_voltage" value="1.200000" description="" />
   <keyValuePair key="netlist_net_matched" value="NA" description="" />
   <keyValuePair key="off-chip_power" value="0.000000" description="" />
   <keyValuePair key="on-chip_power" value="42.116082" description="" />
   <keyValuePair key="output_enable" value="1.000000" description="" />
   <keyValuePair key="output_load" value="5.000000" description="" />
   <keyValuePair key="output_toggle" value="12.500000" description="" />
   <keyValuePair key="package" value="cpg236" description="" />
   <keyValuePair key="pct_clock_constrained" value="3.000000" description="" />
   <keyValuePair key="pct_inputs_defined" value="0" description="" />
   <keyValuePair key="platform" value="nt64" description="" />
   <keyValuePair key="process" value="typical" description="" />
   <keyValuePair key="ram_enable" value="50.000000" description="" />
   <keyValuePair key="ram_write" value="50.000000" description="" />
   <keyValuePair key="read_saif" value="False" description="" />
   <keyValuePair key="set/reset_probability" value="0.000000" description="" />
   <keyValuePair key="signal_rate" value="False" description="" />
   <keyValuePair key="signals" value="16.488357" description="" />
   <keyValuePair key="simulation_file" value="None" description="" />
   <keyValuePair key="speedgrade" value="-1" description="" />
   <keyValuePair key="static_prob" value="False" description="" />
   <keyValuePair key="temp_grade" value="commercial" description="" />
   <keyValuePair key="thetajb" value="7.5 (C/W)" description="" />
   <keyValuePair key="thetasa" value="4.6 (C/W)" description="" />
   <keyValuePair key="toggle_rate" value="False" description="" />
   <keyValuePair key="user_board_temp" value="25.0 (C)" description="" />
   <keyValuePair key="user_effective_thetaja" value="5.00" description="" />
   <keyValuePair key="user_junc_temp" value="125.0 (C)" description="" />
   <keyValuePair key="user_thetajb" value="7.5 (C/W)" description="" />
   <keyValuePair key="user_thetasa" value="4.6 (C/W)" description="" />
   <keyValuePair key="vccadc_dynamic_current" value="0.000000" description="" />
   <keyValuePair key="vccadc_static_current" value="0.020000" description="" />
   <keyValuePair key="vccadc_total_current" value="0.020000" description="" />
   <keyValuePair key="vccadc_voltage" value="1.800000" description="" />
   <keyValuePair key="vccaux_dynamic_current" value="0.458239" description="" />
   <keyValuePair key="vccaux_io_dynamic_current" value="0.000000" description="" />
   <keyValuePair key="vccaux_io_static_current" value="0.000000" description="" />
   <keyValuePair key="vccaux_io_total_current" value="0.000000" description="" />
   <keyValuePair key="vccaux_io_voltage" value="1.800000" description="" />
   <keyValuePair key="vccaux_static_current" value="0.053387" description="" />
   <keyValuePair key="vccaux_total_current" value="0.511626" description="" />
   <keyValuePair key="vccaux_voltage" value="1.800000" description="" />
   <keyValuePair key="vccbram_dynamic_current" value="0.000000" description="" />
   <keyValuePair key="vccbram_static_current" value="0.009934" description="" />
   <keyValuePair key="vccbram_total_current" value="0.009934" description="" />
   <keyValuePair key="vccbram_voltage" value="1.000000" description="" />
   <keyValuePair key="vccint_dynamic_current" value="29.124994" description="" />
   <keyValuePair key="vccint_static_current" value="0.340686" description="" />
   <keyValuePair key="vccint_total_current" value="29.465681" description="" />
   <keyValuePair key="vccint_voltage" value="1.000000" description="" />
   <keyValuePair key="vcco12_dynamic_current" value="0.000000" description="" />
   <keyValuePair key="vcco12_static_current" value="0.000000" description="" />
   <keyValuePair key="vcco12_total_current" value="0.000000" description="" />
   <keyValuePair key="vcco12_voltage" value="1.200000" description="" />
   <keyValuePair key="vcco135_dynamic_current" value="0.000000" description="" />
   <keyValuePair key="vcco135_static_current" value="0.000000" description="" />
   <keyValuePair key="vcco135_total_current" value="0.000000" description="" />
   <keyValuePair key="vcco135_voltage" value="1.350000" description="" />
   <keyValuePair key="vcco15_dynamic_current" value="0.000000" description="" />
   <keyValuePair key="vcco15_static_current" value="0.000000" description="" />
   <keyValuePair key="vcco15_total_current" value="0.000000" description="" />
   <keyValuePair key="vcco15_voltage" value="1.500000" description="" />
   <keyValuePair key="vcco18_dynamic_current" value="0.000000" description="" />
   <keyValuePair key="vcco18_static_current" value="0.000000" description="" />
   <keyValuePair key="vcco18_total_current" value="0.000000" description="" />
   <keyValuePair key="vcco18_voltage" value="1.800000" description="" />
   <keyValuePair key="vcco25_dynamic_current" value="0.000000" description="" />
   <keyValuePair key="vcco25_static_current" value="0.000000" description="" />
   <keyValuePair key="vcco25_total_current" value="0.000000" description="" />
   <keyValuePair key="vcco25_voltage" value="2.500000" description="" />
   <keyValuePair key="vcco33_dynamic_current" value="3.539467" description="" />
   <keyValuePair key="vcco33_static_current" value="0.001000" description="" />
   <keyValuePair key="vcco33_total_current" value="3.540467" description="" />
   <keyValuePair key="vcco33_voltage" value="3.300000" description="" />
   <keyValuePair key="version" value="2020.1" description="" />
  </section>
 </section>
 <section name="report_utilization" level="1" order="7" description="">
  <section name="clocking" level="2" order="1" description="">
   <keyValuePair key="bufgctrl_available" value="32" description="" />
   <keyValuePair key="bufgctrl_fixed" value="0" description="" />
   <keyValuePair key="bufgctrl_used" value="2" description="" />
   <keyValuePair key="bufgctrl_util_percentage" value="6.25" description="" />
   <keyValuePair key="bufhce_available" value="72" description="" />
   <keyValuePair key="bufhce_fixed" value="0" description="" />
   <keyValuePair key="bufhce_used" value="0" description="" />
   <keyValuePair key="bufhce_util_percentage" value="0.00" description="" />
   <keyValuePair key="bufio_available" value="20" description="" />
   <keyValuePair key="bufio_fixed" value="0" description="" />
   <keyValuePair key="bufio_used" value="0" description="" />
   <keyValuePair key="bufio_util_percentage" value="0.00" description="" />
   <keyValuePair key="bufmrce_available" value="10" description="" />
   <keyValuePair key="bufmrce_fixed" value="0" description="" />
   <keyValuePair key="bufmrce_used" value="0" description="" />
   <keyValuePair key="bufmrce_util_percentage" value="0.00" description="" />
   <keyValuePair key="bufr_available" value="20" description="" />
   <keyValuePair key="bufr_fixed" value="0" description="" />
   <keyValuePair key="bufr_used" value="0" description="" />
   <keyValuePair key="bufr_util_percentage" value="0.00" description="" />
   <keyValuePair key="mmcme2_adv_available" value="5" description="" />
   <keyValuePair key="mmcme2_adv_fixed" value="0" description="" />
   <keyValuePair key="mmcme2_adv_used" value="0" description="" />
   <keyValuePair key="mmcme2_adv_util_percentage" value="0.00" description="" />
   <keyValuePair key="plle2_adv_available" value="5" description="" />
   <keyValuePair key="plle2_adv_fixed" value="0" description="" />
   <keyValuePair key="plle2_adv_used" value="0" description="" />
   <keyValuePair key="plle2_adv_util_percentage" value="0.00" description="" />
  </section>
  <section name="dsp" level="2" order="2" description="">
   <keyValuePair key="dsps_available" value="90" description="" />
   <keyValuePair key="dsps_fixed" value="0" description="" />
   <keyValuePair key="dsps_used" value="0" description="" />
   <keyValuePair key="dsps_util_percentage" value="0.00" description="" />
  </section>
  <section name="io_standard" level="2" order="3" description="">
   <keyValuePair key="blvds_25" value="0" description="" />
   <keyValuePair key="diff_hstl_i" value="0" description="" />
   <keyValuePair key="diff_hstl_i_18" value="0" description="" />
   <keyValuePair key="diff_hstl_ii" value="0" description="" />
   <keyValuePair key="diff_hstl_ii_18" value="0" description="" />
   <keyValuePair key="diff_hsul_12" value="0" description="" />
   <keyValuePair key="diff_mobile_ddr" value="0" description="" />
   <keyValuePair key="diff_sstl135" value="0" description="" />
   <keyValuePair key="diff_sstl135_r" value="0" description="" />
   <keyValuePair key="diff_sstl15" value="0" description="" />
   <keyValuePair key="diff_sstl15_r" value="0" description="" />
   <keyValuePair key="diff_sstl18_i" value="0" description="" />
   <keyValuePair key="diff_sstl18_ii" value="0" description="" />
   <keyValuePair key="hstl_i" value="0" description="" />
   <keyValuePair key="hstl_i_18" value="0" description="" />
   <keyValuePair key="hstl_ii" value="0" description="" />
   <keyValuePair key="hstl_ii_18" value="0" description="" />
   <keyValuePair key="hsul_12" value="0" description="" />
   <keyValuePair key="lvcmos12" value="0" description="" />
   <keyValuePair key="lvcmos15" value="0" description="" />
   <keyValuePair key="lvcmos18" value="0" description="" />
   <keyValuePair key="lvcmos25" value="0" description="" />
   <keyValuePair key="lvcmos33" value="1" description="" />
   <keyValuePair key="lvds_25" value="0" description="" />
   <keyValuePair key="lvttl" value="0" description="" />
   <keyValuePair key="mini_lvds_25" value="0" description="" />
   <keyValuePair key="mobile_ddr" value="0" description="" />
   <keyValuePair key="pci33_3" value="0" description="" />
   <keyValuePair key="ppds_25" value="0" description="" />
   <keyValuePair key="rsds_25" value="0" description="" />
   <keyValuePair key="sstl135" value="0" description="" />
   <keyValuePair key="sstl135_r" value="0" description="" />
   <keyValuePair key="sstl15" value="0" description="" />
   <keyValuePair key="sstl15_r" value="0" description="" />
   <keyValuePair key="sstl18_i" value="0" description="" />
   <keyValuePair key="sstl18_ii" value="0" description="" />
   <keyValuePair key="tmds_33" value="0" description="" />
  </section>
  <section name="memory" level="2" order="4" description="">
   <keyValuePair key="block_ram_tile_available" value="50" description="" />
   <keyValuePair key="block_ram_tile_fixed" value="0" description="" />
   <keyValuePair key="block_ram_tile_used" value="0" description="" />
   <keyValuePair key="block_ram_tile_util_percentage" value="0.00" description="" />
   <keyValuePair key="ramb18_available" value="100" description="" />
   <keyValuePair key="ramb18_fixed" value="0" description="" />
   <keyValuePair key="ramb18_used" value="0" description="" />
   <keyValuePair key="ramb18_util_percentage" value="0.00" description="" />
   <keyValuePair key="ramb36_fifo_available" value="50" description="" />
   <keyValuePair key="ramb36_fifo_fixed" value="0" description="" />
   <keyValuePair key="ramb36_fifo_used" value="0" description="" />
   <keyValuePair key="ramb36_fifo_util_percentage" value="0.00" description="" />
  </section>
  <section name="primitives" level="2" order="5" description="">
   <keyValuePair key="bufg_functional_category" value="Clock" description="" />
   <keyValuePair key="bufg_used" value="2" description="" />
   <keyValuePair key="carry4_functional_category" value="CarryLogic" description="" />
   <keyValuePair key="carry4_used" value="47" description="" />
   <keyValuePair key="fdce_functional_category" value="Flop &amp; Latch" description="" />
   <keyValuePair key="fdce_used" value="2263" description="" />
   <keyValuePair key="fdre_functional_category" value="Flop &amp; Latch" description="" />
   <keyValuePair key="fdre_used" value="63" description="" />
   <keyValuePair key="ibuf_functional_category" value="IO" description="" />
   <keyValuePair key="ibuf_used" value="5" description="" />
   <keyValuePair key="lut1_functional_category" value="LUT" description="" />
   <keyValuePair key="lut1_used" value="3" description="" />
   <keyValuePair key="lut2_functional_category" value="LUT" description="" />
   <keyValuePair key="lut2_used" value="74" description="" />
   <keyValuePair key="lut3_functional_category" value="LUT" description="" />
   <keyValuePair key="lut3_used" value="432" description="" />
   <keyValuePair key="lut4_functional_category" value="LUT" description="" />
   <keyValuePair key="lut4_used" value="253" description="" />
   <keyValuePair key="lut5_functional_category" value="LUT" description="" />
   <keyValuePair key="lut5_used" value="218" description="" />
   <keyValuePair key="lut6_functional_category" value="LUT" description="" />
   <keyValuePair key="lut6_used" value="1433" description="" />
   <keyValuePair key="muxf7_functional_category" value="MuxFx" description="" />
   <keyValuePair key="muxf7_used" value="416" description="" />
   <keyValuePair key="muxf8_functional_category" value="MuxFx" description="" />
   <keyValuePair key="muxf8_used" value="64" description="" />
   <keyValuePair key="obuf_functional_category" value="IO" description="" />
   <keyValuePair key="obuf_used" value="12" description="" />
  </section>
  <section name="slice_logic" level="2" order="6" description="">
   <keyValuePair key="f7_muxes_available" value="16300" description="" />
   <keyValuePair key="f7_muxes_fixed" value="0" description="" />
   <keyValuePair key="f7_muxes_used" value="416" description="" />
   <keyValuePair key="f7_muxes_util_percentage" value="2.55" description="" />
   <keyValuePair key="f8_muxes_available" value="8150" description="" />
   <keyValuePair key="f8_muxes_fixed" value="0" description="" />
   <keyValuePair key="f8_muxes_used" value="64" description="" />
   <keyValuePair key="f8_muxes_util_percentage" value="0.79" description="" />
   <keyValuePair key="lut_as_distributed_ram_fixed" value="0" description="" />
   <keyValuePair key="lut_as_distributed_ram_used" value="0" description="" />
   <keyValuePair key="lut_as_logic_available" value="20800" description="" />
   <keyValuePair key="lut_as_logic_available" value="20800" description="" />
   <keyValuePair key="lut_as_logic_fixed" value="0" description="" />
   <keyValuePair key="lut_as_logic_fixed" value="0" description="" />
   <keyValuePair key="lut_as_logic_used" value="2030" description="" />
   <keyValuePair key="lut_as_logic_used" value="2030" description="" />
   <keyValuePair key="lut_as_logic_util_percentage" value="9.76" description="" />
   <keyValuePair key="lut_as_logic_util_percentage" value="9.76" description="" />
   <keyValuePair key="lut_as_memory_available" value="9600" description="" />
   <keyValuePair key="lut_as_memory_available" value="9600" description="" />
   <keyValuePair key="lut_as_memory_fixed" value="0" description="" />
   <keyValuePair key="lut_as_memory_fixed" value="0" description="" />
   <keyValuePair key="lut_as_memory_used" value="0" description="" />
   <keyValuePair key="lut_as_memory_used" value="0" description="" />
   <keyValuePair key="lut_as_memory_util_percentage" value="0.00" description="" />
   <keyValuePair key="lut_as_memory_util_percentage" value="0.00" description="" />
   <keyValuePair key="lut_as_shift_register_fixed" value="0" description="" />
   <keyValuePair key="lut_as_shift_register_used" value="0" description="" />
   <keyValuePair key="lut_in_front_of_the_register_is_unused_fixed" value="0" description="" />
   <keyValuePair key="lut_in_front_of_the_register_is_unused_used" value="1101" description="" />
   <keyValuePair key="lut_in_front_of_the_register_is_used_fixed" value="1101" description="" />
   <keyValuePair key="lut_in_front_of_the_register_is_used_used" value="582" description="" />
   <keyValuePair key="register_as_flip_flop_available" value="41600" description="" />
   <keyValuePair key="register_as_flip_flop_fixed" value="0" description="" />
   <keyValuePair key="register_as_flip_flop_used" value="2326" description="" />
   <keyValuePair key="register_as_flip_flop_util_percentage" value="5.59" description="" />
   <keyValuePair key="register_as_latch_available" value="41600" description="" />
   <keyValuePair key="register_as_latch_fixed" value="0" description="" />
   <keyValuePair key="register_as_latch_used" value="0" description="" />
   <keyValuePair key="register_as_latch_util_percentage" value="0.00" description="" />
   <keyValuePair key="register_driven_from_outside_the_slice_fixed" value="582" description="" />
   <keyValuePair key="register_driven_from_outside_the_slice_used" value="1683" description="" />
   <keyValuePair key="register_driven_from_within_the_slice_fixed" value="1683" description="" />
   <keyValuePair key="register_driven_from_within_the_slice_used" value="643" description="" />
   <keyValuePair key="slice_available" value="8150" description="" />
   <keyValuePair key="slice_fixed" value="0" description="" />
   <keyValuePair key="slice_luts_available" value="20800" description="" />
   <keyValuePair key="slice_luts_fixed" value="0" description="" />
   <keyValuePair key="slice_luts_used" value="2030" description="" />
   <keyValuePair key="slice_luts_util_percentage" value="9.76" description="" />
   <keyValuePair key="slice_registers_available" value="41600" description="" />
   <keyValuePair key="slice_registers_available" value="41600" description="" />
   <keyValuePair key="slice_registers_fixed" value="0" description="" />
   <keyValuePair key="slice_registers_fixed" value="0" description="" />
   <keyValuePair key="slice_registers_used" value="2326" description="" />
   <keyValuePair key="slice_registers_used" value="2326" description="" />
   <keyValuePair key="slice_registers_util_percentage" value="5.59" description="" />
   <keyValuePair key="slice_registers_util_percentage" value="5.59" description="" />
   <keyValuePair key="slice_used" value="908" description="" />
   <keyValuePair key="slice_util_percentage" value="11.14" description="" />
   <keyValuePair key="slicel_fixed" value="0" description="" />
   <keyValuePair key="slicel_used" value="634" description="" />
   <keyValuePair key="slicem_fixed" value="0" description="" />
   <keyValuePair key="slicem_used" value="274" description="" />
   <keyValuePair key="unique_control_sets_available" value="8150" description="" />
   <keyValuePair key="unique_control_sets_fixed" value="8150" description="" />
   <keyValuePair key="unique_control_sets_used" value="98" description="" />
   <keyValuePair key="unique_control_sets_util_percentage" value="1.20" description="" />
   <keyValuePair key="using_o5_and_o6_fixed" value="1.20" description="" />
   <keyValuePair key="using_o5_and_o6_used" value="383" description="" />
   <keyValuePair key="using_o5_output_only_fixed" value="383" description="" />
   <keyValuePair key="using_o5_output_only_used" value="0" description="" />
   <keyValuePair key="using_o6_output_only_fixed" value="0" description="" />
   <keyValuePair key="using_o6_output_only_used" value="1647" description="" />
  </section>
  <section name="specific_feature" level="2" order="7" description="">
   <keyValuePair key="bscane2_available" value="4" description="" />
   <keyValuePair key="bscane2_fixed" value="0" description="" />
   <keyValuePair key="bscane2_used" value="0" description="" />
   <keyValuePair key="bscane2_util_percentage" value="0.00" description="" />
   <keyValuePair key="capturee2_available" value="1" description="" />
   <keyValuePair key="capturee2_fixed" value="0" description="" />
   <keyValuePair key="capturee2_used" value="0" description="" />
   <keyValuePair key="capturee2_util_percentage" value="0.00" description="" />
   <keyValuePair key="dna_port_available" value="1" description="" />
   <keyValuePair key="dna_port_fixed" value="0" description="" />
   <keyValuePair key="dna_port_used" value="0" description="" />
   <keyValuePair key="dna_port_util_percentage" value="0.00" description="" />
   <keyValuePair key="efuse_usr_available" value="1" description="" />
   <keyValuePair key="efuse_usr_fixed" value="0" description="" />
   <keyValuePair key="efuse_usr_used" value="0" description="" />
   <keyValuePair key="efuse_usr_util_percentage" value="0.00" description="" />
   <keyValuePair key="frame_ecce2_available" value="1" description="" />
   <keyValuePair key="frame_ecce2_fixed" value="0" description="" />
   <keyValuePair key="frame_ecce2_used" value="0" description="" />
   <keyValuePair key="frame_ecce2_util_percentage" value="0.00" description="" />
   <keyValuePair key="icape2_available" value="2" description="" />
   <keyValuePair key="icape2_fixed" value="0" description="" />
   <keyValuePair key="icape2_used" value="0" description="" />
   <keyValuePair key="icape2_util_percentage" value="0.00" description="" />
   <keyValuePair key="pcie_2_1_available" value="1" description="" />
   <keyValuePair key="pcie_2_1_fixed" value="0" description="" />
   <keyValuePair key="pcie_2_1_used" value="0" description="" />
   <keyValuePair key="pcie_2_1_util_percentage" value="0.00" description="" />
   <keyValuePair key="startupe2_available" value="1" description="" />
   <keyValuePair key="startupe2_fixed" value="0" description="" />
   <keyValuePair key="startupe2_used" value="0" description="" />
   <keyValuePair key="startupe2_util_percentage" value="0.00" description="" />
   <keyValuePair key="xadc_available" value="1" description="" />
   <keyValuePair key="xadc_fixed" value="0" description="" />
   <keyValuePair key="xadc_used" value="0" description="" />
   <keyValuePair key="xadc_util_percentage" value="0.00" description="" />
  </section>
 </section>
 <section name="synthesis" level="1" order="8" description="">
  <section name="command_line_options" level="2" order="1" description="">
   <keyValuePair key="-assert" value="default::[not_specified]" description="" />
   <keyValuePair key="-bufg" value="default::12" description="" />
   <keyValuePair key="-cascade_dsp" value="default::auto" description="" />
   <keyValuePair key="-constrset" value="default::[not_specified]" description="" />
   <keyValuePair key="-control_set_opt_threshold" value="default::auto" description="" />
   <keyValuePair key="-debug_log" value="default::[not_specified]" description="" />
   <keyValuePair key="-directive" value="default::default" description="" />
   <keyValuePair key="-fanout_limit" value="default::10000" description="" />
   <keyValuePair key="-flatten_hierarchy" value="default::rebuilt" description="" />
   <keyValuePair key="-fsm_extraction" value="default::auto" description="" />
   <keyValuePair key="-gated_clock_conversion" value="default::off" description="" />
   <keyValuePair key="-generic" value="default::[not_specified]" description="" />
   <keyValuePair key="-include_dirs" value="default::[not_specified]" description="" />
   <keyValuePair key="-keep_equivalent_registers" value="default::[not_specified]" description="" />
   <keyValuePair key="-max_bram" value="default::-1" description="" />
   <keyValuePair key="-max_bram_cascade_height" value="default::-1" description="" />
   <keyValuePair key="-max_dsp" value="default::-1" description="" />
   <keyValuePair key="-max_uram" value="default::-1" description="" />
   <keyValuePair key="-max_uram_cascade_height" value="default::-1" description="" />
   <keyValuePair key="-mode" value="default::default" description="" />
   <keyValuePair key="-name" value="default::[not_specified]" description="" />
   <keyValuePair key="-no_lc" value="default::[not_specified]" description="" />
   <keyValuePair key="-no_srlextract" value="default::[not_specified]" description="" />
   <keyValuePair key="-no_timing_driven" value="default::[not_specified]" description="" />
   <keyValuePair key="-part" value="xc7a35tcpg236-1" description="" />
   <keyValuePair key="-resource_sharing" value="default::auto" description="" />
   <keyValuePair key="-retiming" value="default::[not_specified]" description="" />
   <keyValuePair key="-rtl" value="default::[not_specified]" description="" />
   <keyValuePair key="-rtl_skip_constraints" value="default::[not_specified]" description="" />
   <keyValuePair key="-rtl_skip_ip" value="default::[not_specified]" description="" />
   <keyValuePair key="-seu_protect" value="default::none" description="" />
   <keyValuePair key="-sfcu" value="default::[not_specified]" description="" />
   <keyValuePair key="-shreg_min_size" value="default::3" description="" />
   <keyValuePair key="-top" value="base_top" description="" />
   <keyValuePair key="-verilog_define" value="default::[not_specified]" description="" />
  </section>
  <section name="usage" level="2" order="2" description="">
   <keyValuePair key="elapsed" value="00:01:22s" description="" />
   <keyValuePair key="hls_ip" value="0" description="" />
   <keyValuePair key="memory_gain" value="217.820MB" description="" />
   <keyValuePair key="memory_peak" value="1252.480MB" description="" />
  </section>
 </section>
 <section name="unisim_transformation" level="1" order="9" description="">
  <section name="post_unisim_transformation" level="2" order="1" description="">
   <keyValuePair key="bufg" value="2" description="" />
   <keyValuePair key="carry4" value="47" description="" />
   <keyValuePair key="fdce" value="2263" description="" />
   <keyValuePair key="fdre" value="63" description="" />
   <keyValuePair key="gnd" value="6" description="" />
   <keyValuePair key="ibuf" value="5" description="" />
   <keyValuePair key="lut1" value="13" description="" />
   <keyValuePair key="lut2" value="74" description="" />
   <keyValuePair key="lut3" value="432" description="" />
   <keyValuePair key="lut4" value="253" description="" />
   <keyValuePair key="lut5" value="218" description="" />
   <keyValuePair key="lut6" value="1433" description="" />
   <keyValuePair key="muxf7" value="416" description="" />
   <keyValuePair key="muxf8" value="64" description="" />
   <keyValuePair key="obuf" value="12" description="" />
   <keyValuePair key="vcc" value="8" description="" />
  </section>
  <section name="pre_unisim_transformation" level="2" order="2" description="">
   <keyValuePair key="bufg" value="2" description="" />
   <keyValuePair key="carry4" value="47" description="" />
   <keyValuePair key="fdce" value="2263" description="" />
   <keyValuePair key="fdre" value="63" description="" />
   <keyValuePair key="gnd" value="6" description="" />
   <keyValuePair key="ibuf" value="5" description="" />
   <keyValuePair key="lut1" value="13" description="" />
   <keyValuePair key="lut2" value="74" description="" />
   <keyValuePair key="lut3" value="432" description="" />
   <keyValuePair key="lut4" value="253" description="" />
   <keyValuePair key="lut5" value="218" description="" />
   <keyValuePair key="lut6" value="1433" description="" />
   <keyValuePair key="muxf7" value="416" description="" />
   <keyValuePair key="muxf8" value="64" description="" />
   <keyValuePair key="obuf" value="12" description="" />
   <keyValuePair key="vcc" value="8" description="" />
  </section>
 </section>
 <section name="vivado_usage" level="1" order="10" description="">
  <section name="gui_handlers" level="2" order="1" description="">
   <keyValuePair key="abstractcombinedpanel_add_element" value="2" description="" />
   <keyValuePair key="abstractfileview_close" value="3" description="" />
   <keyValuePair key="abstractfileview_reload" value="1" description="" />
   <keyValuePair key="abstractsearchablepanel_show_search" value="5" description="" />
   <keyValuePair key="addsrcwizard_specify_hdl_netlist_block_design" value="6" description="" />
   <keyValuePair key="addsrcwizard_specify_simulation_specific_hdl_files" value="14" description="" />
   <keyValuePair key="basedialog_apply" value="5" description="" />
   <keyValuePair key="basedialog_cancel" value="79" description="" />
   <keyValuePair key="basedialog_no" value="13" description="" />
   <keyValuePair key="basedialog_ok" value="527" description="" />
   <keyValuePair key="basedialog_yes" value="85" description="" />
   <keyValuePair key="cfgmempartchooser_table" value="1" description="" />
   <keyValuePair key="clockregiontablepanel_clock_region_table" value="1" description="" />
   <keyValuePair key="closeplanner_cancel" value="2" description="" />
   <keyValuePair key="closeplanner_no" value="2" description="" />
   <keyValuePair key="closeplanner_yes" value="2" description="" />
   <keyValuePair key="cmdmsgdialog_copy_message" value="1" description="" />
   <keyValuePair key="cmdmsgdialog_messages" value="19" description="" />
   <keyValuePair key="cmdmsgdialog_ok" value="59" description="" />
   <keyValuePair key="cmdmsgdialog_open_messages_view" value="35" description="" />
   <keyValuePair key="commandsinput_type_tcl_command_here" value="18" description="" />
   <keyValuePair key="confirmsavetexteditsdialog_cancel" value="3" description="" />
   <keyValuePair key="confirmsavetexteditsdialog_no" value="3" description="" />
   <keyValuePair key="confirmsavetexteditsdialog_yes" value="10" description="" />
   <keyValuePair key="createconstraintsfilepanel_file_name" value="1" description="" />
   <keyValuePair key="createsrcfiledialog_file_name" value="31" description="" />
   <keyValuePair key="defaultoptionpane_close" value="1" description="" />
   <keyValuePair key="definemodulesdialog_define_modules_and_specify_io_ports" value="36" description="" />
   <keyValuePair key="deviceconstraintsview_internal_vref_tree" value="4" description="" />
   <keyValuePair key="exploreaheadview_launch_selected_runs" value="1" description="" />
   <keyValuePair key="expreporttreepanel_exp_report_tree_table" value="26" description="" />
   <keyValuePair key="exprunmenu_launch_runs" value="1" description="" />
   <keyValuePair key="exprunmenu_launch_step" value="4" description="" />
   <keyValuePair key="expruntreepanel_exp_run_tree_table" value="53" description="" />
   <keyValuePair key="filesetpanel_file_set_panel_tree" value="1597" description="" />
   <keyValuePair key="filesetview_collapse_all" value="1" description="" />
   <keyValuePair key="filtertoolbar_show_all" value="2" description="" />
   <keyValuePair key="flownavigatortreepanel_flow_navigator_tree" value="490" description="" />
   <keyValuePair key="fpgachooser_fpga_table" value="3" description="" />
   <keyValuePair key="gettingstartedview_create_new_project" value="2" description="" />
   <keyValuePair key="gettingstartedview_open_project" value="22" description="" />
   <keyValuePair key="graphicalview_zoom_fit" value="154" description="" />
   <keyValuePair key="graphicalview_zoom_in" value="2" description="" />
   <keyValuePair key="graphicalview_zoom_out" value="2" description="" />
   <keyValuePair key="hardwaretreepanel_hardware_tree_table" value="158" description="" />
   <keyValuePair key="hcodeeditor_close" value="6" description="" />
   <keyValuePair key="hcodeeditor_search_text_combo_box" value="66" description="" />
   <keyValuePair key="hexceptiondialog_exit" value="2" description="" />
   <keyValuePair key="hinputhandler_replace_text" value="1" description="" />
   <keyValuePair key="hjfilechooserhelpers_jump_to_recent_project_directory" value="2" description="" />
   <keyValuePair key="hjfilechooserrecentlistpreview_recent_directories" value="2" description="" />
   <keyValuePair key="hpopuptitle_close" value="8" description="" />
   <keyValuePair key="incrementalcompilechooserpanel_automatically_use_checkpoint" value="4" description="" />
   <keyValuePair key="incrementalcompilechooserpanel_disable_incremental_compile" value="1" description="" />
   <keyValuePair key="incrementalcompilechooserpanel_specify_design_checkpoint" value="4" description="" />
   <keyValuePair key="incrementalrunpanel_turn_incremental_implementation_on" value="9" description="" />
   <keyValuePair key="labtoolsmenu_jtag_scan_rate" value="7" description="" />
   <keyValuePair key="launchpanel_generate_scripts_only" value="10" description="" />
   <keyValuePair key="launchpanel_launch_runs_on_local_host" value="9" description="" />
   <keyValuePair key="logmonitor_monitor" value="52" description="" />
   <keyValuePair key="mainmenumgr_checkpoint" value="10" description="" />
   <keyValuePair key="mainmenumgr_constraints" value="1" description="" />
   <keyValuePair key="mainmenumgr_edit" value="14" description="" />
   <keyValuePair key="mainmenumgr_export" value="6" description="" />
   <keyValuePair key="mainmenumgr_file" value="40" description="" />
   <keyValuePair key="mainmenumgr_flow" value="6" description="" />
   <keyValuePair key="mainmenumgr_help" value="2" description="" />
   <keyValuePair key="mainmenumgr_import" value="2" description="" />
   <keyValuePair key="mainmenumgr_io" value="2" description="" />
   <keyValuePair key="mainmenumgr_ip" value="7" description="" />
   <keyValuePair key="mainmenumgr_open_recent_project" value="1" description="" />
   <keyValuePair key="mainmenumgr_project" value="39" description="" />
   <keyValuePair key="mainmenumgr_reports" value="4" description="" />
   <keyValuePair key="mainmenumgr_simulation_waveform" value="2" description="" />
   <keyValuePair key="mainmenumgr_text_editor" value="4" description="" />
   <keyValuePair key="mainmenumgr_timing" value="2" description="" />
   <keyValuePair key="mainmenumgr_tools" value="1" description="" />
   <keyValuePair key="mainmenumgr_unselect_type" value="3" description="" />
   <keyValuePair key="mainmenumgr_view" value="10" description="" />
   <keyValuePair key="mainmenumgr_window" value="32" description="" />
   <keyValuePair key="maintoolbarmgr_run" value="2" description="" />
   <keyValuePair key="mainwinmenumgr_layout" value="26" description="" />
   <keyValuePair key="mainwinmenumgr_load" value="6" description="" />
   <keyValuePair key="mainwintoolbarmgr_select_or_save_window_layout" value="10" description="" />
   <keyValuePair key="messagewithoptiondialog_dont_show_this_dialog_again" value="3" description="" />
   <keyValuePair key="msgtreepanel_message_severity" value="19" description="" />
   <keyValuePair key="msgtreepanel_message_view_tree" value="712" description="" />
   <keyValuePair key="msgview_critical_warnings" value="2" description="" />
   <keyValuePair key="msgview_error_messages" value="3" description="" />
   <keyValuePair key="msgview_information_messages" value="2" description="" />
   <keyValuePair key="msgview_warning_messages" value="5" description="" />
   <keyValuePair key="navigabletimingreporttab_timing_report_navigation_tree" value="4" description="" />
   <keyValuePair key="netlistschematicview_show_cells_in_this_schematic" value="1" description="" />
   <keyValuePair key="netlisttreeview_netlist_tree" value="23" description="" />
   <keyValuePair key="numjobschooser_number_of_jobs" value="3" description="" />
   <keyValuePair key="openfileaction_cancel" value="4" description="" />
   <keyValuePair key="overwriteconstraintsdialog_overwrite" value="3" description="" />
   <keyValuePair key="packagetreepanel_package_tree_panel" value="14" description="" />
   <keyValuePair key="pacommandnames_add_config_memory" value="8" description="" />
   <keyValuePair key="pacommandnames_add_sources" value="36" description="" />
   <keyValuePair key="pacommandnames_auto_connect_target" value="46" description="" />
   <keyValuePair key="pacommandnames_auto_update_hier" value="62" description="" />
   <keyValuePair key="pacommandnames_boot_device" value="2" description="" />
   <keyValuePair key="pacommandnames_create_hardware_dashboards" value="4" description="" />
   <keyValuePair key="pacommandnames_design_runs_window" value="1" description="" />
   <keyValuePair key="pacommandnames_fileset_window" value="2" description="" />
   <keyValuePair key="pacommandnames_force_run_up_to_date" value="13" description="" />
   <keyValuePair key="pacommandnames_goto_implemented_design" value="2" description="" />
   <keyValuePair key="pacommandnames_goto_instantiation" value="1" description="" />
   <keyValuePair key="pacommandnames_goto_netlist_design" value="1" description="" />
   <keyValuePair key="pacommandnames_goto_project_manager" value="1" description="" />
   <keyValuePair key="pacommandnames_launch_run_next_step" value="1" description="" />
   <keyValuePair key="pacommandnames_log_window" value="1" description="" />
   <keyValuePair key="pacommandnames_move_to_design_set" value="1" description="" />
   <keyValuePair key="pacommandnames_move_to_sim_set" value="1" description="" />
   <keyValuePair key="pacommandnames_open_hardware_manager" value="10" description="" />
   <keyValuePair key="pacommandnames_open_project" value="2" description="" />
   <keyValuePair key="pacommandnames_package_pins_window" value="1" description="" />
   <keyValuePair key="pacommandnames_package_view" value="2" description="" />
   <keyValuePair key="pacommandnames_ports_window" value="2" description="" />
   <keyValuePair key="pacommandnames_program_config_memory" value="4" description="" />
   <keyValuePair key="pacommandnames_program_fpga" value="14" description="" />
   <keyValuePair key="pacommandnames_refresh_server" value="1" description="" />
   <keyValuePair key="pacommandnames_refresh_target" value="1" description="" />
   <keyValuePair key="pacommandnames_reports_window" value="3" description="" />
   <keyValuePair key="pacommandnames_reset_run_to_previous_step" value="1" description="" />
   <keyValuePair key="pacommandnames_reset_runs" value="1" description="" />
   <keyValuePair key="pacommandnames_run_bitgen" value="7" description="" />
   <keyValuePair key="pacommandnames_run_implementation" value="2" description="" />
   <keyValuePair key="pacommandnames_run_synthesis" value="1" description="" />
   <keyValuePair key="pacommandnames_save_project_as" value="6" description="" />
   <keyValuePair key="pacommandnames_schematic" value="1" description="" />
   <keyValuePair key="pacommandnames_set_as_top" value="39" description="" />
   <keyValuePair key="pacommandnames_simulation_live_break" value="1" description="" />
   <keyValuePair key="pacommandnames_simulation_live_restart" value="2" description="" />
   <keyValuePair key="pacommandnames_simulation_live_run" value="8" description="" />
   <keyValuePair key="pacommandnames_simulation_live_run_all" value="13" description="" />
   <keyValuePair key="pacommandnames_simulation_relaunch" value="126" description="" />
   <keyValuePair key="pacommandnames_simulation_run_behavioral" value="176" description="" />
   <keyValuePair key="pacommandnames_toggle_view_nav" value="3" description="" />
   <keyValuePair key="pacommandnames_verify_device" value="1" description="" />
   <keyValuePair key="pacommandnames_write_config_memory_file" value="3" description="" />
   <keyValuePair key="paviews_code" value="188" description="" />
   <keyValuePair key="paviews_device" value="3" description="" />
   <keyValuePair key="paviews_package" value="15" description="" />
   <keyValuePair key="paviews_par_report" value="1" description="" />
   <keyValuePair key="paviews_project_summary" value="119" description="" />
   <keyValuePair key="planaheadtab_show_flow_navigator" value="3" description="" />
   <keyValuePair key="programcfgmemdialog_address_range_used_for_erase_blank" value="4" description="" />
   <keyValuePair key="programcfgmemdialog_blank_check" value="4" description="" />
   <keyValuePair key="programcfgmemdialog_contents_of_configuration_file" value="3" description="" />
   <keyValuePair key="programcfgmemdialog_create_svf_only" value="2" description="" />
   <keyValuePair key="programcfgmemdialog_program" value="2" description="" />
   <keyValuePair key="programcfgmemdialog_state_of_non_config_mem_io_pins" value="1" description="" />
   <keyValuePair key="programcfgmemdialog_verify" value="1" description="" />
   <keyValuePair key="programcfgmemdialog_verify_checksum" value="4" description="" />
   <keyValuePair key="programdebugtab_available_targets_on_server" value="1" description="" />
   <keyValuePair key="programdebugtab_open_target" value="50" description="" />
   <keyValuePair key="programdebugtab_program_device" value="28" description="" />
   <keyValuePair key="programdebugtab_refresh_device" value="4" description="" />
   <keyValuePair key="programfpgadialog_program" value="40" description="" />
   <keyValuePair key="programfpgadialog_specify_bitstream_file" value="1" description="" />
   <keyValuePair key="programoptionspanelimpl_save_strategy_as" value="1" description="" />
   <keyValuePair key="programoptionspanelimpl_strategy" value="1" description="" />
   <keyValuePair key="programoptionspanelimpl_write_incremental_synthesis" value="3" description="" />
   <keyValuePair key="progressdialog_background" value="181" description="" />
   <keyValuePair key="progressdialog_cancel" value="7" description="" />
   <keyValuePair key="projectnamechooser_choose_project_location" value="8" description="" />
   <keyValuePair key="projectnamechooser_create_project_subdirectory" value="2" description="" />
   <keyValuePair key="projectnamechooser_project_name" value="9" description="" />
   <keyValuePair key="projectsettingssimulationpanel_tabbed_pane" value="1" description="" />
   <keyValuePair key="projecttab_close_design" value="4" description="" />
   <keyValuePair key="projecttab_reload" value="1" description="" />
   <keyValuePair key="propertiesview_next_object" value="2" description="" />
   <keyValuePair key="propertiesview_previous_object" value="3" description="" />
   <keyValuePair key="quickhelp_help" value="1" description="" />
   <keyValuePair key="rdicommands_delete" value="7" description="" />
   <keyValuePair key="rdicommands_line_comment" value="2" description="" />
   <keyValuePair key="rdicommands_properties" value="12" description="" />
   <keyValuePair key="rdicommands_redo" value="15" description="" />
   <keyValuePair key="rdicommands_save_file" value="1" description="" />
   <keyValuePair key="rdicommands_settings" value="1" description="" />
   <keyValuePair key="rdicommands_undo" value="4" description="" />
   <keyValuePair key="rdiviews_waveform_viewer" value="1908" description="" />
   <keyValuePair key="removesourcesdialog_also_delete" value="4" description="" />
   <keyValuePair key="rungadget_incremental_synthesis" value="1" description="" />
   <keyValuePair key="rungadget_show_error" value="5" description="" />
   <keyValuePair key="rungadget_show_warning_and_error_messages_in_messages" value="1" description="" />
   <keyValuePair key="saveprojectasdialog_import_all_files_to_new_project" value="1" description="" />
   <keyValuePair key="saveprojectasdialog_include_run_results" value="2" description="" />
   <keyValuePair key="saveprojectutils_cancel" value="5" description="" />
   <keyValuePair key="saveprojectutils_save" value="104" description="" />
   <keyValuePair key="settingsdialog_project_tree" value="8" description="" />
   <keyValuePair key="settingsdialog_restore" value="4" description="" />
   <keyValuePair key="settingsprojectgeneralpage_choose_device_for_your_project" value="1" description="" />
   <keyValuePair key="settingsprojectrunpage_choose_report_strategy" value="1" description="" />
   <keyValuePair key="settingsrestoredialog_check_all" value="2" description="" />
   <keyValuePair key="settingsrestoredialog_uncheck_all" value="2" description="" />
   <keyValuePair key="signalsview_expand_all" value="2" description="" />
   <keyValuePair key="signalsview_group_by_interface_and_bus" value="2" description="" />
   <keyValuePair key="signaltreepanel_signal_tree_table" value="163" description="" />
   <keyValuePair key="simulationliverunforcomp_specify_time_and_units" value="8" description="" />
   <keyValuePair key="simulationobjectspanel_simulation_objects_tree_table" value="53" description="" />
   <keyValuePair key="simulationscopespanel_simulate_scope_table" value="220" description="" />
   <keyValuePair key="srcchooserpanel_add_hdl_and_netlist_files_to_your_project" value="4" description="" />
   <keyValuePair key="srcchooserpanel_create_file" value="29" description="" />
   <keyValuePair key="srcchooserpanel_simulator_language" value="1" description="" />
   <keyValuePair key="srcmenu_ip_hierarchy" value="54" description="" />
   <keyValuePair key="srcmenu_open_selected_source_files" value="1" description="" />
   <keyValuePair key="srcmenu_set_file_type" value="1" description="" />
   <keyValuePair key="srcmenu_set_library" value="1" description="" />
   <keyValuePair key="stalemoreaction_force_up_to_date" value="1" description="" />
   <keyValuePair key="stalemoreaction_out_of_date_details" value="5" description="" />
   <keyValuePair key="stalerundialog_no" value="1" description="" />
   <keyValuePair key="stalerundialog_open_design" value="1" description="" />
   <keyValuePair key="stalerundialog_yes" value="1" description="" />
   <keyValuePair key="statemonitor_reset_step" value="2" description="" />
   <keyValuePair key="syntheticagettingstartedview_recent_projects" value="27" description="" />
   <keyValuePair key="syntheticastatemonitor_cancel" value="14" description="" />
   <keyValuePair key="taskbanner_close" value="161" description="" />
   <keyValuePair key="tclconsoleview_tcl_console_code_editor" value="135" description="" />
   <keyValuePair key="touchpointsurveydialog_no" value="1" description="" />
   <keyValuePair key="touchpointsurveydialog_remind_me_later" value="1" description="" />
   <keyValuePair key="verifydevicedialog_specify_bitstream_file" value="2" description="" />
   <keyValuePair key="verifydevicedialog_verify" value="1" description="" />
   <keyValuePair key="waveformfindbar_find_by" value="5" description="" />
   <keyValuePair key="waveformnametree_waveform_name_tree" value="215" description="" />
   <keyValuePair key="waveformview_find" value="3" description="" />
   <keyValuePair key="waveformview_goto_last_time" value="1" description="" />
   <keyValuePair key="waveformview_goto_time_0" value="12" description="" />
   <keyValuePair key="waveformview_next_transition" value="1" description="" />
  </section>
  <section name="java_command_handlers" level="2" order="2" description="">
   <keyValuePair key="addcfgmem" value="4" description="" />
   <keyValuePair key="addsources" value="36" description="" />
   <keyValuePair key="autoconnecttarget" value="46" description="" />
   <keyValuePair key="bootdevice" value="2" description="" />
   <keyValuePair key="closeproject" value="13" description="" />
   <keyValuePair key="editdelete" value="5" description="" />
   <keyValuePair key="editproperties" value="12" description="" />
   <keyValuePair key="editundo" value="2" description="" />
   <keyValuePair key="fileexit" value="39" description="" />
   <keyValuePair key="launchprogramfpga" value="41" description="" />
   <keyValuePair key="movetodesignset" value="1" description="" />
   <keyValuePair key="movetosimset" value="1" description="" />
   <keyValuePair key="newproject" value="2" description="" />
   <keyValuePair key="openhardwaremanager" value="30" description="" />
   <keyValuePair key="openpackageview" value="2" description="" />
   <keyValuePair key="openproject" value="24" description="" />
   <keyValuePair key="openrecenttarget" value="1" description="" />
   <keyValuePair key="programcfgmem" value="6" description="" />
   <keyValuePair key="refreshdevice" value="4" description="" />
   <keyValuePair key="refreshserver" value="1" description="" />
   <keyValuePair key="runbitgen" value="106" description="" />
   <keyValuePair key="runimplementation" value="40" description="" />
   <keyValuePair key="runschematic" value="2" description="" />
   <keyValuePair key="runsynthesis" value="18" description="" />
   <keyValuePair key="savedesign" value="5" description="" />
   <keyValuePair key="savefileproxyhandler" value="5" description="" />
   <keyValuePair key="saveprojectas" value="6" description="" />
   <keyValuePair key="settopnode" value="39" description="" />
   <keyValuePair key="showsource" value="5" description="" />
   <keyValuePair key="showview" value="94" description="" />
   <keyValuePair key="simulationbreak" value="1" description="" />
   <keyValuePair key="simulationrelaunch" value="124" description="" />
   <keyValuePair key="simulationrestart" value="2" description="" />
   <keyValuePair key="simulationrun" value="173" description="" />
   <keyValuePair key="simulationrunall" value="13" description="" />
   <keyValuePair key="simulationrunfortime" value="8" description="" />
   <keyValuePair key="toggleviewnavigator" value="3" description="" />
   <keyValuePair key="toolssettings" value="15" description="" />
   <keyValuePair key="unselectallcmdhandler" value="4" description="" />
   <keyValuePair key="verifydevice" value="1" description="" />
   <keyValuePair key="viewlayoutcmd" value="16" description="" />
   <keyValuePair key="viewtaskimplementation" value="15" description="" />
   <keyValuePair key="viewtaskprogramanddebug" value="1" description="" />
   <keyValuePair key="viewtaskprojectmanager" value="1" description="" />
   <keyValuePair key="viewtaskrtlanalysis" value="3" description="" />
   <keyValuePair key="viewtasksynthesis" value="7" description="" />
   <keyValuePair key="waveformsaveconfiguration" value="1" description="" />
   <keyValuePair key="writecfgmemfile" value="1" description="" />
  </section>
  <section name="other_data" level="2" order="3" description="">
   <keyValuePair key="guimode" value="57" description="" />
  </section>
  <section name="project_data" level="2" order="4" description="">
   <keyValuePair key="constraintsetcount" value="1" description="" />
   <keyValuePair key="core_container" value="false" description="" />
   <keyValuePair key="currentimplrun" value="impl_1" description="" />
   <keyValuePair key="currentsynthesisrun" value="synth_1" description="" />
   <keyValuePair key="default_library" value="xil_defaultlib" description="" />
   <keyValuePair key="designmode" value="RTL" description="" />
   <keyValuePair key="export_simulation_activehdl" value="0" description="" />
   <keyValuePair key="export_simulation_ies" value="0" description="" />
   <keyValuePair key="export_simulation_modelsim" value="0" description="" />
   <keyValuePair key="export_simulation_questa" value="0" description="" />
   <keyValuePair key="export_simulation_riviera" value="0" description="" />
   <keyValuePair key="export_simulation_vcs" value="0" description="" />
   <keyValuePair key="export_simulation_xsim" value="0" description="" />
   <keyValuePair key="implstrategy" value="Vivado Implementation Defaults" description="" />
   <keyValuePair key="launch_simulation_activehdl" value="0" description="" />
   <keyValuePair key="launch_simulation_ies" value="0" description="" />
   <keyValuePair key="launch_simulation_modelsim" value="0" description="" />
   <keyValuePair key="launch_simulation_questa" value="0" description="" />
   <keyValuePair key="launch_simulation_riviera" value="0" description="" />
   <keyValuePair key="launch_simulation_vcs" value="0" description="" />
   <keyValuePair key="launch_simulation_xsim" value="685" description="" />
   <keyValuePair key="simulator_language" value="Verilog" description="" />
   <keyValuePair key="srcsetcount" value="21" description="" />
   <keyValuePair key="synthesisstrategy" value="Vivado Synthesis Defaults" description="" />
   <keyValuePair key="target_language" value="Verilog" description="" />
   <keyValuePair key="target_simulator" value="XSim" description="" />
   <keyValuePair key="totalimplruns" value="1" description="" />
   <keyValuePair key="totalsynthesisruns" value="1" description="" />
  </section>
 </section>
 <section name="xsim" level="1" order="11" description="">
  <section name="command_line_options" level="2" order="1" description="">
   <keyValuePair key="-sim_mode" value="default::behavioral" description="" />
   <keyValuePair key="-sim_type" value="default::" description="" />
  </section>
 </section>
</section>
</webTalkData>
