<?xml version="1.0" encoding="UTF-8"?>
<GenRun Id="synth_1" LaunchPart="xc7a35tcpg236-1" LaunchTime="1734083896" LaunchIncrCheckpoint="$PSRCDIR/utils_1/imports/synth_1/base_top.dcp" LaunchWriteIncrSynthDcp="true">
  <File Type="PA-TCL" Name="base_top.tcl"/>
  <File Type="REPORTS-TCL" Name="base_top_reports.tcl"/>
  <File Type="RDS-RDS" Name="base_top.vds"/>
  <File Type="RDS-DCP" Name="base_top.dcp"/>
  <FileSet Name="sources" Type="DesignSrcs" RelSrcDir="$PSRCDIR/sources_1">
    <Filter Type="Srcs"/>
    <File Path="$PSRCDIR/sources_1/imports/ALU实验/ALU.v">
      <FileInfo>
        <Attr Name="ImportPath" Val="F:/cpulab/ALU实验/ALU.v"/>
        <Attr Name="ImportTime" Val="1731853386"/>
        <Attr Name="UsedIn" Val="synthesis"/>
        <Attr Name="UsedIn" Val="implementation"/>
        <Attr Name="UsedIn" Val="simulation"/>
      </FileInfo>
    </File>
    <File Path="$PSRCDIR/sources_1/new/ALU_ctr.v">
      <FileInfo>
        <Attr Name="ImportPath" Val="$PPRDIR/../CPU_single_implementation/CPU_single_implementation.srcs/sources_1/new/ALU_ctr.v"/>
        <Attr Name="ImportTime" Val="1732291054"/>
        <Attr Name="UsedIn" Val="synthesis"/>
        <Attr Name="UsedIn" Val="implementation"/>
        <Attr Name="UsedIn" Val="simulation"/>
      </FileInfo>
    </File>
    <File Path="$PSRCDIR/sources_1/new/CPU_ctr_mul.v">
      <FileInfo>
        <Attr Name="ImportPath" Val="$PPRDIR/../finish3/finish3.srcs/sources_1/new/CPU_ctr_mul.v"/>
        <Attr Name="ImportTime" Val="1734080473"/>
        <Attr Name="UsedIn" Val="synthesis"/>
        <Attr Name="UsedIn" Val="implementation"/>
        <Attr Name="UsedIn" Val="simulation"/>
      </FileInfo>
    </File>
    <File Path="$PSRCDIR/sources_1/new/CPU_top.v">
      <FileInfo>
        <Attr Name="ImportPath" Val="F:/cpulab/CPU_single/CPU_single.srcs/sources_1/new/CPU_top.v"/>
        <Attr Name="ImportTime" Val="1732108816"/>
        <Attr Name="UsedIn" Val="synthesis"/>
        <Attr Name="UsedIn" Val="implementation"/>
        <Attr Name="UsedIn" Val="simulation"/>
      </FileInfo>
    </File>
    <File Path="$PSRCDIR/sources_1/new/Extend_Unit.v">
      <FileInfo>
        <Attr Name="ImportPath" Val="F:/cpulab/CPU_single/CPU_single.srcs/sources_1/new/Extend_Unit.v"/>
        <Attr Name="ImportTime" Val="1731820648"/>
        <Attr Name="UsedIn" Val="synthesis"/>
        <Attr Name="UsedIn" Val="implementation"/>
        <Attr Name="UsedIn" Val="simulation"/>
      </FileInfo>
    </File>
    <File Path="$PSRCDIR/sources_1/new/IR.v">
      <FileInfo>
        <Attr Name="ImportPath" Val="$PPRDIR/../finish3/finish3.srcs/sources_1/new/IR.v"/>
        <Attr Name="ImportTime" Val="1734065681"/>
        <Attr Name="UsedIn" Val="synthesis"/>
        <Attr Name="UsedIn" Val="implementation"/>
        <Attr Name="UsedIn" Val="simulation"/>
      </FileInfo>
    </File>
    <File Path="$PSRCDIR/sources_1/new/Ins_Memory.v">
      <FileInfo>
        <Attr Name="ImportPath" Val="F:/cpulab/CPU_single/CPU_single.srcs/sources_1/new/Ins_Memory.v"/>
        <Attr Name="ImportTime" Val="1731856504"/>
        <Attr Name="UsedIn" Val="synthesis"/>
        <Attr Name="UsedIn" Val="implementation"/>
        <Attr Name="UsedIn" Val="simulation"/>
      </FileInfo>
    </File>
    <File Path="$PSRCDIR/sources_1/new/Key.v">
      <FileInfo>
        <Attr Name="ImportPath" Val="$PPRDIR/../CPU_single_implementation/CPU_single_implementation.srcs/sources_1/new/Key.v"/>
        <Attr Name="ImportTime" Val="1732332642"/>
        <Attr Name="UsedIn" Val="synthesis"/>
        <Attr Name="UsedIn" Val="implementation"/>
        <Attr Name="UsedIn" Val="simulation"/>
      </FileInfo>
    </File>
    <File Path="$PSRCDIR/sources_1/new/LED_trans.v">
      <FileInfo>
        <Attr Name="ImportPath" Val="F:/cpulab/CPU_single/CPU_single.srcs/sources_1/new/LED_trans.v"/>
        <Attr Name="ImportTime" Val="1732107872"/>
        <Attr Name="UsedIn" Val="synthesis"/>
        <Attr Name="UsedIn" Val="implementation"/>
        <Attr Name="UsedIn" Val="simulation"/>
      </FileInfo>
    </File>
    <File Path="$PSRCDIR/sources_1/new/Memory.v">
      <FileInfo>
        <Attr Name="ImportPath" Val="F:/cpulab/CPU_single/CPU_single.srcs/sources_1/new/Memory.v"/>
        <Attr Name="ImportTime" Val="1732092104"/>
        <Attr Name="UsedIn" Val="synthesis"/>
        <Attr Name="UsedIn" Val="implementation"/>
        <Attr Name="UsedIn" Val="simulation"/>
      </FileInfo>
    </File>
    <File Path="$PSRCDIR/sources_1/new/Mul_4to1.v">
      <FileInfo>
        <Attr Name="ImportPath" Val="$PPRDIR/../finish3/finish3.srcs/sources_1/new/Mul_4to1.v"/>
        <Attr Name="ImportTime" Val="1734081011"/>
        <Attr Name="UsedIn" Val="synthesis"/>
        <Attr Name="UsedIn" Val="implementation"/>
        <Attr Name="UsedIn" Val="simulation"/>
      </FileInfo>
    </File>
    <File Path="$PSRCDIR/sources_1/new/Multiplexer.v">
      <FileInfo>
        <Attr Name="ImportPath" Val="F:/cpulab/CPU_single/CPU_single.srcs/sources_1/new/Multiplexer.v"/>
        <Attr Name="ImportTime" Val="1731735080"/>
        <Attr Name="UsedIn" Val="synthesis"/>
        <Attr Name="UsedIn" Val="implementation"/>
        <Attr Name="UsedIn" Val="simulation"/>
      </FileInfo>
    </File>
    <File Path="$PSRCDIR/sources_1/new/Multiplexer_5.v">
      <FileInfo>
        <Attr Name="ImportPath" Val="F:/cpulab/CPU_single/CPU_single.srcs/sources_1/new/Multiplexer_5.v"/>
        <Attr Name="ImportTime" Val="1731756754"/>
        <Attr Name="UsedIn" Val="synthesis"/>
        <Attr Name="UsedIn" Val="implementation"/>
        <Attr Name="UsedIn" Val="simulation"/>
      </FileInfo>
    </File>
    <File Path="$PSRCDIR/sources_1/new/PC.v">
      <FileInfo>
        <Attr Name="ImportPath" Val="F:/cpulab/CPU_single/CPU_single.srcs/sources_1/new/PC.v"/>
        <Attr Name="ImportTime" Val="1731819112"/>
        <Attr Name="UsedIn" Val="synthesis"/>
        <Attr Name="UsedIn" Val="implementation"/>
        <Attr Name="UsedIn" Val="simulation"/>
      </FileInfo>
    </File>
    <File Path="$PSRCDIR/sources_1/new/PC_beq.v">
      <FileInfo>
        <Attr Name="ImportPath" Val="F:/cpulab/CPU_single/CPU_single.srcs/sources_1/new/PC_beq.v"/>
        <Attr Name="ImportTime" Val="1731828904"/>
        <Attr Name="UsedIn" Val="synthesis"/>
        <Attr Name="UsedIn" Val="implementation"/>
        <Attr Name="UsedIn" Val="simulation"/>
      </FileInfo>
    </File>
    <File Path="$PSRCDIR/sources_1/imports/ALU实验/RegFile.v">
      <FileInfo>
        <Attr Name="ImportPath" Val="F:/cpulab/ALU实验/RegFile.v"/>
        <Attr Name="ImportTime" Val="1731849046"/>
        <Attr Name="UsedIn" Val="synthesis"/>
        <Attr Name="UsedIn" Val="implementation"/>
        <Attr Name="UsedIn" Val="simulation"/>
      </FileInfo>
    </File>
    <File Path="$PSRCDIR/sources_1/new/Reg_temp.v">
      <FileInfo>
        <Attr Name="ImportPath" Val="$PPRDIR/../finish3/finish3.srcs/sources_1/new/Reg_temp.v"/>
        <Attr Name="ImportTime" Val="1734064980"/>
        <Attr Name="UsedIn" Val="synthesis"/>
        <Attr Name="UsedIn" Val="implementation"/>
        <Attr Name="UsedIn" Val="simulation"/>
      </FileInfo>
    </File>
    <File Path="$PSRCDIR/sources_1/new/jump_PC.v">
      <FileInfo>
        <Attr Name="ImportPath" Val="F:/cpulab/CPU_single/CPU_single.srcs/sources_1/new/jump_PC.v"/>
        <Attr Name="ImportTime" Val="1731757722"/>
        <Attr Name="UsedIn" Val="synthesis"/>
        <Attr Name="UsedIn" Val="implementation"/>
        <Attr Name="UsedIn" Val="simulation"/>
      </FileInfo>
    </File>
    <File Path="$PSRCDIR/sources_1/new/base_top.v">
      <FileInfo>
        <Attr Name="ImportPath" Val="F:/cpulab/CPU_single/CPU_single.srcs/sources_1/new/base_top.v"/>
        <Attr Name="ImportTime" Val="1732108780"/>
        <Attr Name="UsedIn" Val="synthesis"/>
        <Attr Name="UsedIn" Val="implementation"/>
        <Attr Name="UsedIn" Val="simulation"/>
      </FileInfo>
    </File>
    <File Path="$PSRCDIR/sources_1/new/Control_Unit.v">
      <FileInfo>
        <Attr Name="AutoDisabled" Val="1"/>
        <Attr Name="ImportPath" Val="F:/cpulab/CPU_single/CPU_single.srcs/sources_1/new/Control_Unit.v"/>
        <Attr Name="ImportTime" Val="1731855432"/>
        <Attr Name="UsedIn" Val="synthesis"/>
        <Attr Name="UsedIn" Val="implementation"/>
        <Attr Name="UsedIn" Val="simulation"/>
      </FileInfo>
    </File>
    <File Path="$PSRCDIR/sources_1/imports/ALU实验/RF_ALU.v">
      <FileInfo>
        <Attr Name="AutoDisabled" Val="1"/>
        <Attr Name="ImportPath" Val="F:/cpulab/ALU实验/RF_ALU.v"/>
        <Attr Name="ImportTime" Val="1731762850"/>
        <Attr Name="UsedIn" Val="synthesis"/>
        <Attr Name="UsedIn" Val="implementation"/>
        <Attr Name="UsedIn" Val="simulation"/>
      </FileInfo>
    </File>
    <Config>
      <Option Name="DesignMode" Val="RTL"/>
      <Option Name="TopModule" Val="base_top"/>
    </Config>
  </FileSet>
  <FileSet Name="constrs_in" Type="Constrs" RelSrcDir="$PSRCDIR/constrs_1">
    <Filter Type="Constrs"/>
    <File Path="$PSRCDIR/constrs_1/new/constr.xdc">
      <FileInfo>
        <Attr Name="ImportPath" Val="F:/cpulab/CPU_single/CPU_single.srcs/constrs_1/new/constr.xdc"/>
        <Attr Name="ImportTime" Val="1732112210"/>
        <Attr Name="UsedIn" Val="synthesis"/>
        <Attr Name="UsedIn" Val="implementation"/>
      </FileInfo>
    </File>
    <Config>
      <Option Name="TargetConstrsFile" Val="$PSRCDIR/constrs_1/new/constr.xdc"/>
      <Option Name="ConstrsType" Val="XDC"/>
    </Config>
  </FileSet>
  <FileSet Name="utils" Type="Utils" RelSrcDir="$PSRCDIR/utils_1">
    <Filter Type="Utils"/>
    <File Path="$PSRCDIR/utils_1/imports/impl_1/jump_PC_routed.dcp">
      <FileInfo>
        <Attr Name="ImportPath" Val="$PPRDIR/../finish2/finish2.runs/impl_1/jump_PC_routed.dcp"/>
        <Attr Name="ImportTime" Val="1733129715"/>
        <Attr Name="UsedIn" Val="synthesis"/>
        <Attr Name="UsedIn" Val="implementation"/>
        <Attr Name="UsedInSteps" Val="impl_1"/>
        <Attr Name="AutoDcp" Val="1"/>
      </FileInfo>
    </File>
    <File Path="$PSRCDIR/utils_1/imports/synth_1/CPU_top.dcp">
      <FileInfo>
        <Attr Name="ImportPath" Val="$PPRDIR/../CPU_single_implementation/CPU_single_implementation.runs/synth_1/CPU_top.dcp"/>
        <Attr Name="ImportTime" Val="1732292324"/>
        <Attr Name="UsedIn" Val="synthesis"/>
        <Attr Name="UsedIn" Val="implementation"/>
        <Attr Name="UsedInSteps" Val="synth_1"/>
        <Attr Name="AutoDcp" Val="1"/>
      </FileInfo>
    </File>
    <File Path="$PSRCDIR/utils_1/imports/synth_1/PC.dcp">
      <FileInfo>
        <Attr Name="ImportPath" Val="$PPRDIR/../finish2/finish2.runs/synth_1/PC.dcp"/>
        <Attr Name="ImportTime" Val="1733129264"/>
        <Attr Name="UsedIn" Val="synthesis"/>
        <Attr Name="UsedIn" Val="implementation"/>
        <Attr Name="UsedInSteps" Val="synth_1"/>
        <Attr Name="AutoDcp" Val="1"/>
      </FileInfo>
    </File>
    <File Path="$PSRCDIR/utils_1/imports/synth_1/base_top.dcp">
      <FileInfo>
        <Attr Name="ImportPath" Val="$PRUNDIR/synth_1/base_top.dcp"/>
        <Attr Name="ImportTime" Val="1734083544"/>
        <Attr Name="UsedIn" Val="synthesis"/>
        <Attr Name="UsedIn" Val="implementation"/>
        <Attr Name="UsedInSteps" Val="synth_1"/>
        <Attr Name="AutoDcp" Val="1"/>
      </FileInfo>
    </File>
    <File Path="$PSRCDIR/utils_1/imports/impl_1/base_top_routed.dcp">
      <FileInfo>
        <Attr Name="ImportPath" Val="$PRUNDIR/impl_1/base_top_routed.dcp"/>
        <Attr Name="ImportTime" Val="1734083544"/>
        <Attr Name="UsedIn" Val="synthesis"/>
        <Attr Name="UsedIn" Val="implementation"/>
        <Attr Name="UsedInSteps" Val="impl_1"/>
        <Attr Name="AutoDcp" Val="1"/>
      </FileInfo>
    </File>
    <Config>
      <Option Name="TopAutoSet" Val="TRUE"/>
    </Config>
  </FileSet>
  <Strategy Version="1" Minor="2">
    <StratHandle Name="Vivado Synthesis Defaults" Flow="Vivado Synthesis 2020"/>
    <Step Id="synth_design"/>
  </Strategy>
</GenRun>
