<?xml version="1.0" encoding="UTF-8"?>
<GenRun Id="impl_1" LaunchPart="xc7a35tcpg236-1" LaunchTime="1732336706" LaunchIncrCheckpoint="$PSRCDIR/utils_1/imports/impl_1/base_top_routed.dcp">
  <File Type="ROUTE-PWR" Name="base_top_power_routed.rpt"/>
  <File Type="PA-TCL" Name="base_top.tcl"/>
  <File Type="ROUTE-PWR-SUM" Name="base_top_power_summary_routed.pb"/>
  <File Type="REPORTS-TCL" Name="base_top_reports.tcl"/>
  <File Type="BITSTR-MSK" Name="base_top.msk"/>
  <File Type="ROUTE-CLK" Name="base_top_clock_utilization_routed.rpt"/>
  <File Type="RDI-RDI" Name="base_top.vdi"/>
  <File Type="BG-BIT" Name="base_top.bit"/>
  <File Type="BG-DRC" Name="base_top.drc"/>
  <File Type="BG-BGN" Name="base_top.bgn"/>
  <File Type="BG-BIN" Name="base_top.bin"/>
  <File Type="BITSTR-RBT" Name="base_top.rbt"/>
  <File Type="BITSTR-NKY" Name="base_top.nky"/>
  <File Type="BITSTR-BMM" Name="base_top_bd.bmm"/>
  <File Type="ROUTE-METHODOLOGY-DRC" Name="base_top_methodology_drc_routed.rpt"/>
  <File Type="BITSTR-MMI" Name="base_top.mmi"/>
  <File Type="ROUTE-METHODOLOGY-DRC-PB" Name="base_top_methodology_drc_routed.pb"/>
  <File Type="BITSTR-SYSDEF" Name="base_top.sysdef"/>
  <File Type="ROUTE-DRC-RPX" Name="base_top_drc_routed.rpx"/>
  <File Type="BITSTR-LTX" Name="debug_nets.ltx"/>
  <File Type="BITSTR-LTX" Name="base_top.ltx"/>
  <File Type="RCFI_FILE" Name="base_top.rcfi"/>
  <File Type="WBT-USG" Name="usage_statistics_webtalk.html"/>
  <File Type="OPT-DRC" Name="base_top_drc_opted.rpt"/>
  <File Type="OPT-HWDEF" Name="base_top.hwdef"/>
  <File Type="PLACE-IO" Name="base_top_io_placed.rpt"/>
  <File Type="PLACE-UTIL" Name="base_top_utilization_placed.rpt"/>
  <File Type="PLACE-UTIL-PB" Name="base_top_utilization_placed.pb"/>
  <File Type="PLACE-CTRL" Name="base_top_control_sets_placed.rpt"/>
  <File Type="PLACE-PRE-SIMILARITY" Name="base_top_incremental_reuse_pre_placed.rpt"/>
  <File Type="ROUTE-DRC" Name="base_top_drc_routed.rpt"/>
  <File Type="ROUTE-DRC-PB" Name="base_top_drc_routed.pb"/>
  <File Type="ROUTE-PWR-RPX" Name="base_top_power_routed.rpx"/>
  <File Type="ROUTE-STATUS" Name="base_top_route_status.rpt"/>
  <File Type="ROUTE-STATUS-PB" Name="base_top_route_status.pb"/>
  <File Type="ROUTE-DCP" Name="base_top_routed.dcp"/>
  <File Type="ROUTE-ERROR-DCP" Name="base_top_routed_error.dcp"/>
  <File Type="ROUTE-BLACKBOX-DCP" Name="base_top_routed_bb.dcp"/>
  <File Type="ROUTE-TIMINGSUMMARY" Name="base_top_timing_summary_routed.rpt"/>
  <File Type="ROUTE-TIMING-PB" Name="base_top_timing_summary_routed.pb"/>
  <File Type="ROUTE-TIMING-RPX" Name="base_top_timing_summary_routed.rpx"/>
  <File Type="ROUTE-SIMILARITY" Name="base_top_incremental_reuse_routed.rpt"/>
  <File Type="ROUTE-BUS-SKEW" Name="base_top_bus_skew_routed.rpt"/>
  <File Type="ROUTE-BUS-SKEW-PB" Name="base_top_bus_skew_routed.pb"/>
  <File Type="ROUTE-BUS-SKEW-RPX" Name="base_top_bus_skew_routed.rpx"/>
  <File Type="OPT-DCP" Name="base_top_opt.dcp"/>
  <File Type="PLACE-DCP" Name="base_top_placed.dcp"/>
  <File Type="PWROPT-DCP" Name="base_top_pwropt.dcp"/>
  <File Type="POSTPLACE-PWROPT-DCP" Name="base_top_postplace_pwropt.dcp"/>
  <File Type="PHYSOPT-DCP" Name="base_top_physopt.dcp"/>
  <File Type="POSTROUTE-PHYSOPT-DCP" Name="base_top_postroute_physopt.dcp"/>
  <File Type="POSTROUTE-PHYSOPT-BLACKBOX-DCP" Name="base_top_postroute_physopt_bb.dcp"/>
  <File Type="ROUTE-METHODOLOGY-DRC-RPX" Name="base_top_methodology_drc_routed.rpx"/>
  <File Type="PDI-FILE" Name="base_top.pdi"/>
  <File Type="CFI_FILE" Name="base_top.cfi"/>
  <File Type="RNPI_FILE" Name="base_top.rnpi"/>
  <File Type="NPI_FILE" Name="base_top.npi"/>
  <File Type="RBD_FILE" Name="base_top.rbd"/>
  <FileSet Name="sources" Type="DesignSrcs" RelSrcDir="$PSRCDIR/sources_1">
    <Filter Type="Srcs"/>
    <File Path="$PSRCDIR/sources_1/imports/ALU实验/ALU.v">
      <FileInfo>
        <Attr Name="ImportPath" Val="F:/cpulab/ALU实验/ALU.v"/>
        <Attr Name="ImportTime" Val="1731853386"/>
        <Attr Name="UsedIn" Val="synthesis"/>
        <Attr Name="UsedIn" Val="implementation"/>
        <Attr Name="UsedIn" Val="simulation"/>
      </FileInfo>
    </File>
    <File Path="$PSRCDIR/sources_1/new/ALU_ctr.v">
      <FileInfo>
        <Attr Name="UsedIn" Val="synthesis"/>
        <Attr Name="UsedIn" Val="implementation"/>
        <Attr Name="UsedIn" Val="simulation"/>
      </FileInfo>
    </File>
    <File Path="$PSRCDIR/sources_1/new/CPU_top.v">
      <FileInfo>
        <Attr Name="ImportPath" Val="F:/cpulab/CPU_single/CPU_single.srcs/sources_1/new/CPU_top.v"/>
        <Attr Name="ImportTime" Val="1732108816"/>
        <Attr Name="UsedIn" Val="synthesis"/>
        <Attr Name="UsedIn" Val="implementation"/>
        <Attr Name="UsedIn" Val="simulation"/>
      </FileInfo>
    </File>
    <File Path="$PSRCDIR/sources_1/new/Control_Unit.v">
      <FileInfo>
        <Attr Name="ImportPath" Val="F:/cpulab/CPU_single/CPU_single.srcs/sources_1/new/Control_Unit.v"/>
        <Attr Name="ImportTime" Val="1731855432"/>
        <Attr Name="UsedIn" Val="synthesis"/>
        <Attr Name="UsedIn" Val="implementation"/>
        <Attr Name="UsedIn" Val="simulation"/>
      </FileInfo>
    </File>
    <File Path="$PSRCDIR/sources_1/new/Extend_Unit.v">
      <FileInfo>
        <Attr Name="ImportPath" Val="F:/cpulab/CPU_single/CPU_single.srcs/sources_1/new/Extend_Unit.v"/>
        <Attr Name="ImportTime" Val="1731820648"/>
        <Attr Name="UsedIn" Val="synthesis"/>
        <Attr Name="UsedIn" Val="implementation"/>
        <Attr Name="UsedIn" Val="simulation"/>
      </FileInfo>
    </File>
    <File Path="$PSRCDIR/sources_1/new/Ins_Memory.v">
      <FileInfo>
        <Attr Name="ImportPath" Val="F:/cpulab/CPU_single/CPU_single.srcs/sources_1/new/Ins_Memory.v"/>
        <Attr Name="ImportTime" Val="1731856504"/>
        <Attr Name="UsedIn" Val="synthesis"/>
        <Attr Name="UsedIn" Val="implementation"/>
        <Attr Name="UsedIn" Val="simulation"/>
      </FileInfo>
    </File>
    <File Path="$PSRCDIR/sources_1/new/LED_trans.v">
      <FileInfo>
        <Attr Name="ImportPath" Val="F:/cpulab/CPU_single/CPU_single.srcs/sources_1/new/LED_trans.v"/>
        <Attr Name="ImportTime" Val="1732107872"/>
        <Attr Name="UsedIn" Val="synthesis"/>
        <Attr Name="UsedIn" Val="implementation"/>
        <Attr Name="UsedIn" Val="simulation"/>
      </FileInfo>
    </File>
    <File Path="$PSRCDIR/sources_1/new/Memory.v">
      <FileInfo>
        <Attr Name="ImportPath" Val="F:/cpulab/CPU_single/CPU_single.srcs/sources_1/new/Memory.v"/>
        <Attr Name="ImportTime" Val="1732092104"/>
        <Attr Name="UsedIn" Val="synthesis"/>
        <Attr Name="UsedIn" Val="implementation"/>
        <Attr Name="UsedIn" Val="simulation"/>
      </FileInfo>
    </File>
    <File Path="$PSRCDIR/sources_1/new/Mul_3to1.v">
      <FileInfo>
        <Attr Name="ImportPath" Val="F:/cpulab/CPU_single/CPU_single.srcs/sources_1/new/Mul_3to1.v"/>
        <Attr Name="ImportTime" Val="1731759750"/>
        <Attr Name="UsedIn" Val="synthesis"/>
        <Attr Name="UsedIn" Val="implementation"/>
        <Attr Name="UsedIn" Val="simulation"/>
      </FileInfo>
    </File>
    <File Path="$PSRCDIR/sources_1/new/Multiplexer.v">
      <FileInfo>
        <Attr Name="ImportPath" Val="F:/cpulab/CPU_single/CPU_single.srcs/sources_1/new/Multiplexer.v"/>
        <Attr Name="ImportTime" Val="1731735080"/>
        <Attr Name="UsedIn" Val="synthesis"/>
        <Attr Name="UsedIn" Val="implementation"/>
        <Attr Name="UsedIn" Val="simulation"/>
      </FileInfo>
    </File>
    <File Path="$PSRCDIR/sources_1/new/Multiplexer_5.v">
      <FileInfo>
        <Attr Name="ImportPath" Val="F:/cpulab/CPU_single/CPU_single.srcs/sources_1/new/Multiplexer_5.v"/>
        <Attr Name="ImportTime" Val="1731756754"/>
        <Attr Name="UsedIn" Val="synthesis"/>
        <Attr Name="UsedIn" Val="implementation"/>
        <Attr Name="UsedIn" Val="simulation"/>
      </FileInfo>
    </File>
    <File Path="$PSRCDIR/sources_1/new/PC.v">
      <FileInfo>
        <Attr Name="ImportPath" Val="F:/cpulab/CPU_single/CPU_single.srcs/sources_1/new/PC.v"/>
        <Attr Name="ImportTime" Val="1731819112"/>
        <Attr Name="UsedIn" Val="synthesis"/>
        <Attr Name="UsedIn" Val="implementation"/>
        <Attr Name="UsedIn" Val="simulation"/>
      </FileInfo>
    </File>
    <File Path="$PSRCDIR/sources_1/new/PC_beq.v">
      <FileInfo>
        <Attr Name="ImportPath" Val="F:/cpulab/CPU_single/CPU_single.srcs/sources_1/new/PC_beq.v"/>
        <Attr Name="ImportTime" Val="1731828904"/>
        <Attr Name="UsedIn" Val="synthesis"/>
        <Attr Name="UsedIn" Val="implementation"/>
        <Attr Name="UsedIn" Val="simulation"/>
      </FileInfo>
    </File>
    <File Path="$PSRCDIR/sources_1/imports/ALU实验/RegFile.v">
      <FileInfo>
        <Attr Name="ImportPath" Val="F:/cpulab/ALU实验/RegFile.v"/>
        <Attr Name="ImportTime" Val="1731849046"/>
        <Attr Name="UsedIn" Val="synthesis"/>
        <Attr Name="UsedIn" Val="implementation"/>
        <Attr Name="UsedIn" Val="simulation"/>
      </FileInfo>
    </File>
    <File Path="$PSRCDIR/sources_1/new/jump_PC.v">
      <FileInfo>
        <Attr Name="ImportPath" Val="F:/cpulab/CPU_single/CPU_single.srcs/sources_1/new/jump_PC.v"/>
        <Attr Name="ImportTime" Val="1731757722"/>
        <Attr Name="UsedIn" Val="synthesis"/>
        <Attr Name="UsedIn" Val="implementation"/>
        <Attr Name="UsedIn" Val="simulation"/>
      </FileInfo>
    </File>
    <File Path="$PSRCDIR/sources_1/new/base_top.v">
      <FileInfo>
        <Attr Name="ImportPath" Val="F:/cpulab/CPU_single/CPU_single.srcs/sources_1/new/base_top.v"/>
        <Attr Name="ImportTime" Val="1732108780"/>
        <Attr Name="UsedIn" Val="synthesis"/>
        <Attr Name="UsedIn" Val="implementation"/>
        <Attr Name="UsedIn" Val="simulation"/>
      </FileInfo>
    </File>
    <File Path="$PSRCDIR/sources_1/new/Key.v">
      <FileInfo>
        <Attr Name="AutoDisabled" Val="1"/>
        <Attr Name="UsedIn" Val="synthesis"/>
        <Attr Name="UsedIn" Val="implementation"/>
        <Attr Name="UsedIn" Val="simulation"/>
      </FileInfo>
    </File>
    <File Path="$PSRCDIR/sources_1/imports/ALU实验/RF_ALU.v">
      <FileInfo>
        <Attr Name="AutoDisabled" Val="1"/>
        <Attr Name="ImportPath" Val="F:/cpulab/ALU实验/RF_ALU.v"/>
        <Attr Name="ImportTime" Val="1731762850"/>
        <Attr Name="UsedIn" Val="synthesis"/>
        <Attr Name="UsedIn" Val="implementation"/>
        <Attr Name="UsedIn" Val="simulation"/>
      </FileInfo>
    </File>
    <Config>
      <Option Name="DesignMode" Val="RTL"/>
      <Option Name="TopModule" Val="base_top"/>
    </Config>
  </FileSet>
  <FileSet Name="constrs_in" Type="Constrs" RelSrcDir="$PSRCDIR/constrs_1">
    <Filter Type="Constrs"/>
    <File Path="$PSRCDIR/constrs_1/new/constr.xdc">
      <FileInfo>
        <Attr Name="ImportPath" Val="F:/cpulab/CPU_single/CPU_single.srcs/constrs_1/new/constr.xdc"/>
        <Attr Name="ImportTime" Val="1732112210"/>
        <Attr Name="UsedIn" Val="synthesis"/>
        <Attr Name="UsedIn" Val="implementation"/>
      </FileInfo>
    </File>
    <Config>
      <Option Name="TargetConstrsFile" Val="$PSRCDIR/constrs_1/new/constr.xdc"/>
      <Option Name="ConstrsType" Val="XDC"/>
    </Config>
  </FileSet>
  <FileSet Name="utils" Type="Utils" RelSrcDir="$PSRCDIR/utils_1">
    <Filter Type="Utils"/>
    <File Path="$PSRCDIR/utils_1/imports/impl_1/base_top_routed.dcp">
      <FileInfo>
        <Attr Name="ImportPath" Val="$PRUNDIR/impl_1/base_top_routed.dcp"/>
        <Attr Name="ImportTime" Val="1732334319"/>
        <Attr Name="UsedIn" Val="synthesis"/>
        <Attr Name="UsedIn" Val="implementation"/>
        <Attr Name="UsedInSteps" Val="impl_1"/>
        <Attr Name="AutoDcp" Val="1"/>
      </FileInfo>
    </File>
    <File Path="$PSRCDIR/utils_1/imports/synth_1/CPU_top.dcp">
      <FileInfo>
        <Attr Name="ImportPath" Val="$PRUNDIR/synth_1/CPU_top.dcp"/>
        <Attr Name="ImportTime" Val="1732292324"/>
        <Attr Name="UsedIn" Val="synthesis"/>
        <Attr Name="UsedIn" Val="implementation"/>
        <Attr Name="UsedInSteps" Val="synth_1"/>
        <Attr Name="AutoDcp" Val="1"/>
      </FileInfo>
    </File>
    <File Path="$PSRCDIR/utils_1/imports/synth_1/base_top.dcp">
      <FileInfo>
        <Attr Name="ImportPath" Val="$PRUNDIR/synth_1/base_top.dcp"/>
        <Attr Name="ImportTime" Val="1732336704"/>
        <Attr Name="UsedIn" Val="synthesis"/>
        <Attr Name="UsedIn" Val="implementation"/>
        <Attr Name="UsedInSteps" Val="synth_1"/>
        <Attr Name="AutoDcp" Val="1"/>
      </FileInfo>
    </File>
    <Config>
      <Option Name="TopAutoSet" Val="TRUE"/>
    </Config>
  </FileSet>
  <Strategy Version="1" Minor="2">
    <StratHandle Name="Vivado Implementation Defaults" Flow="Vivado Implementation 2020"/>
    <Step Id="init_design"/>
    <Step Id="opt_design"/>
    <Step Id="power_opt_design"/>
    <Step Id="place_design"/>
    <Step Id="post_place_power_opt_design"/>
    <Step Id="phys_opt_design"/>
    <Step Id="route_design"/>
    <Step Id="post_route_phys_opt_design"/>
    <Step Id="write_bitstream">
      <Option Id="BinFile">1</Option>
    </Step>
    <Step Id="write_device_image"/>
  </Strategy>
</GenRun>
